{"cameraMode":{"drawMode":0,"name":"Shaded","section":"Shading Mode"},"sceneLighting":true,"audioPlay":false,"sceneViewState":{"showFog":true,"showMaterialUpdate":false,"showSkybox":true,"showFlares":true,"showImageEffects":true,"showParticleSystems":true},"in2DMode":false,"pivot":{"x":897.22998046875,"y":457.7099914550781,"z":-78.7699966430664},"rotation":{"x":0.16453374922275544,"y":0.01953091286122799,"z":-0.0033077055122703315,"w":0.9862504601478577},"size":10.0,"orthographic":false}